avg_relevance,avg_chunks_retrieved,avg_context_length,avg_query_time,total_chunks_in_db,chunk_size,chunk_overlap,description,test_time,composite_score
0.6506275281310081,4.0,3044.6,0.8643875598907471,4,1500,250,Medium-small chunks,10.620910167694092,0.6169624326986047
0.6506275281310081,4.0,3044.6,0.8905313730239868,4,2000,300,Default - balanced,10.998884677886963,0.6142064252718691
0.6506275281310081,4.0,3044.6,0.8938846111297607,4,1000,150,Small chunks - high precision,13.682957887649536,0.6138604167674899
0.6506275281310081,4.0,3044.6,0.9314428806304932,4,2000,400,Default - higher overlap,11.221803188323975,0.6100956790654384
0.6506275281310081,4.0,3044.6,0.9314561605453491,4,2500,400,Large chunks - good context,11.368677854537964,0.610094382861874
0.6506275281310081,4.0,3044.6,0.9731320142745972,4,3000,500,Very large chunks - high overlap,11.523115873336792,0.6061416744218576
