avg_relevance,avg_chunks_retrieved,avg_context_length,avg_query_time,total_chunks_in_db,chunk_size,chunk_overlap,description,test_time,composite_score
0.4672712989151478,4.0,10132.9,0.9256232976913452,4,1500,250,Medium-small chunks,12.407805919647217,0.5006522936435591
0.4672712989151478,4.0,10132.9,0.9475479841232299,4,2000,400,Default - higher overlap,12.942418813705444,0.49852745657817454
0.4672712989151478,4.0,10132.9,0.9728520154953003,4,1000,150,Small chunks - high precision,14.503418922424316,0.4961537467347311
0.4672712989151478,4.0,10132.9,0.994325590133667,4,3000,500,Very large chunks - high overlap,13.683977365493774,0.494202420000702
0.4672712989151478,4.0,10132.9,1.0150920152664185,4,2000,300,Default - balanced,13.646245956420898,0.4923679631826471
0.4672712989151478,4.0,10132.9,1.1235743045806885,4,2500,400,Large chunks - good context,14.836042642593384,0.4835477789119223
