avg_relevance,avg_chunks_retrieved,avg_context_length,avg_query_time,total_chunks_in_db,chunk_size,chunk_overlap,description,test_time,composite_score
0.4672712989151478,4.0,10132.9,0.9114804267883301,4,2500,400,Large chunks - good context,12.303760290145874,0.5020579783785774
0.4672712989151478,4.0,10132.9,0.9492133855819702,4,2000,300,Default - balanced,13.0486478805542,0.49836868102635246
0.4672712989151478,4.0,10132.9,0.9575952053070068,4,2000,400,Default - higher overlap,13.005851745605469,0.49757508580551313
0.4672712989151478,4.0,10132.9,1.0252529621124267,4,1500,250,Medium-small chunks,13.453081130981445,0.491488569606861
0.4672712989151478,4.0,10132.9,1.0638866424560547,4,3000,500,Very large chunks - high overlap,14.174620866775513,0.4882492863186116
0.4672712989151478,4.0,10132.9,1.1184391021728515,4,1000,150,Small chunks - high precision,16.557036876678467,0.4839386369340222
